mes,demanda
2019-01,984.0
2019-02,1148.0
2019-03,1259.0
2019-04,1323.0
2019-05,1239.0
2019-06,1095.0
2019-07,1057.0
2019-08,783.0
2019-09,692.0
2019-10,632.0
2019-11,777.0
2019-12,856.0
2020-01,1053.0
2020-02,1103.0
2020-03,1185.0
2020-04,1273.0
2020-05,1249.0
2020-06,1163.0
2020-07,899.0
2020-08,879.0
2020-09,687.0
2020-10,661.0
2020-11,811.0
2020-12,719.0
2021-01,1019.0
2021-02,1169.0
2021-03,1211.0
2021-04,1273.0
2021-05,1333.0
2021-06,1268.0
2021-07,1064.0
2021-08,963.0
2021-09,699.0
2021-10,605.0
2021-11,737.0
2021-12,898.0
2022-01,889.0
2022-02,1094.0
2022-03,1211.0
2022-04,1321.0
2022-05,1273.0
2022-06,1103.0
2022-07,1011.0
2022-08,781.0
2022-09,715.0
2022-10,624.0
2022-11,731.0
2022-12,802.0
2023-01,1041.0
2023-02,1148.0
2023-03,1246.0
2023-04,1406.0
2023-05,1283.0
2023-06,1128.0
2023-07,965.0
2023-08,779.0
2023-09,736.0
2023-10,718.0
2023-11,625.0
2023-12,768.0
2024-01,969.0
2024-02,1084.0
2024-03,1262.0
2024-04,1311.0
2024-05,1252.0
2024-06,1183.0
2024-07,965.0
2024-08,847.0
2024-09,680.0
2024-10,717.0
2024-11,745.0
2024-12,778.0
