date,sku,qty,price
2025-01-01,A-100,8,1010
2025-01-01,A-100,8,934
2025-01-01,B-200,13,1020
2025-01-01,B-200,15,1003
2025-01-01,B-200,18,1077
2025-01-01,B-200,19,921
2025-01-02,A-100,5,923
2025-01-02,A-100,1,1010
2025-01-02,A-100,19,992
2025-01-02,A-100,14,910
2025-01-02,B-200,13,980
2025-01-02,B-200,1,945
2025-01-03,A-100,7,1085
2025-01-03,A-100,18,973
2025-01-03,A-100,4,1092
2025-01-03,A-100,7,999
2025-01-03,A-100,18,953
2025-01-03,B-200,4,958
2025-01-03,B-200,8,996
2025-01-03,B-200,5,1076
2025-01-03,B-200,13,1034
2025-01-03,B-200,14,1027
2025-01-04,A-100,18,939
2025-01-04,A-100,10,936
2025-01-04,A-100,4,1089
2025-01-04,A-100,9,1040
2025-01-04,B-200,1,998
2025-01-04,B-200,4,962
2025-01-04,B-200,4,1033
2025-01-04,B-200,3,990
2025-01-05,A-100,7,958
2025-01-05,A-100,14,1026
2025-01-05,A-100,11,914
2025-01-05,A-100,2,1027
2025-01-05,B-200,16,905
2025-01-05,B-200,4,1057
2025-01-05,B-200,19,1046
2025-01-06,A-100,10,999
2025-01-06,A-100,19,949
2025-01-06,A-100,6,1037
2025-01-06,A-100,18,973
2025-01-06,A-100,3,911
2025-01-06,B-200,8,1006
2025-01-07,A-100,17,946
2025-01-07,A-100,13,1008
2025-01-07,A-100,14,902
2025-01-07,A-100,13,1049
2025-01-07,B-200,16,1049
2025-01-07,B-200,19,1033
2025-01-07,B-200,9,1066
2025-01-07,B-200,14,1011
2025-01-08,A-100,9,926
2025-01-08,A-100,9,1089
2025-01-08,A-100,7,1035
2025-01-08,A-100,8,957
2025-01-08,B-200,19,922
2025-01-08,B-200,13,1066
2025-01-09,A-100,7,935
2025-01-09,A-100,18,939
2025-01-09,A-100,19,1029
2025-01-09,A-100,17,959
2025-01-09,B-200,13,974
2025-01-10,A-100,14,1000
2025-01-10,A-100,13,1034
2025-01-10,B-200,7,1053
2025-01-10,B-200,5,1089
2025-01-10,B-200,16,1010
2025-01-10,B-200,4,1080
2025-01-11,A-100,7,959
2025-01-11,B-200,9,923
2025-01-11,B-200,12,931
2025-01-11,B-200,9,1098
2025-01-11,B-200,9,985
2025-01-11,B-200,1,992
2025-01-12,A-100,7,913
2025-01-12,A-100,5,942
2025-01-12,A-100,2,1041
2025-01-12,A-100,10,1044
2025-01-12,A-100,4,1039
2025-01-12,B-200,14,1062
2025-01-13,A-100,12,1005
2025-01-13,A-100,2,975
2025-01-13,A-100,10,1022
2025-01-13,B-200,13,989
2025-01-13,B-200,10,967
2025-01-13,B-200,6,962
2025-01-13,B-200,9,921
2025-01-14,A-100,10,932
2025-01-14,A-100,3,1005
2025-01-14,A-100,5,1073
2025-01-14,B-200,10,1060
2025-01-15,A-100,11,1077
2025-01-15,A-100,12,975
2025-01-15,A-100,8,1024
2025-01-15,B-200,14,976
2025-01-15,B-200,2,1006
2025-01-16,A-100,3,957
2025-01-16,A-100,18,964
2025-01-16,B-200,8,913
2025-01-16,B-200,16,1081
2025-01-16,B-200,5,934
2025-01-16,B-200,18,919
2025-01-17,A-100,18,948
2025-01-17,A-100,5,921
2025-01-17,A-100,15,969
2025-01-17,A-100,13,1022
2025-01-17,A-100,10,948
2025-01-17,B-200,10,918
2025-01-17,B-200,8,1042
2025-01-18,A-100,11,1047
2025-01-18,A-100,1,1085
2025-01-18,A-100,15,1065
2025-01-18,A-100,14,1007
2025-01-18,A-100,11,1024
2025-01-18,B-200,14,967
2025-01-18,B-200,15,968
2025-01-18,B-200,10,913
2025-01-19,A-100,1,1070
2025-01-19,A-100,1,996
2025-01-19,B-200,14,940
2025-01-20,A-100,13,1001
2025-01-20,A-100,8,964
2025-01-20,B-200,7,1015
2025-01-20,B-200,15,1019
2025-01-20,B-200,1,1068
2025-01-21,A-100,16,993
2025-01-21,B-200,15,1075
2025-01-21,B-200,3,1011
2025-01-21,B-200,14,1019
2025-01-21,B-200,16,1045
2025-01-21,B-200,1,939
2025-01-22,A-100,18,917
2025-01-22,A-100,10,962
2025-01-22,B-200,8,981
2025-01-23,A-100,7,1014
2025-01-23,A-100,11,1012
2025-01-23,A-100,10,960
2025-01-23,A-100,10,1006
2025-01-23,B-200,14,989
2025-01-25,A-100,13,983
2025-01-25,A-100,3,954
2025-01-25,A-100,18,925
2025-01-25,A-100,12,1003
2025-01-25,A-100,5,1074
2025-01-25,B-200,13,919
2025-01-25,B-200,19,904
2025-01-26,A-100,13,962
2025-01-26,A-100,15,1086
2025-01-26,A-100,12,943
2025-01-26,A-100,18,900
2025-01-26,B-200,1,911
2025-01-26,B-200,1,937
2025-01-26,B-200,14,979
2025-01-26,B-200,2,968
2025-01-26,B-200,19,1005
2025-01-27,A-100,16,1034
2025-01-27,A-100,1,1021
2025-01-27,A-100,16,927
2025-01-27,B-200,13,901
2025-01-27,B-200,14,1069
2025-01-28,A-100,14,1088
2025-01-28,B-200,11,906
2025-01-28,B-200,6,952
2025-01-28,B-200,1,923
2025-01-28,B-200,11,919
2025-01-28,B-200,1,1089
2025-01-29,A-100,7,1022
2025-01-29,A-100,14,973
2025-01-29,B-200,14,944
2025-01-29,B-200,2,902
2025-01-29,B-200,17,1064
2025-01-29,B-200,10,1044
2025-01-29,B-200,17,932
2025-01-30,A-100,4,1034
2025-01-30,A-100,12,905
2025-01-30,A-100,13,928
2025-01-30,B-200,12,1056
2025-01-30,B-200,3,994
2025-01-31,A-100,13,1058
2025-01-31,A-100,9,1019
2025-01-31,A-100,6,1097
2025-01-31,A-100,4,1084
2025-01-31,A-100,15,1097
2025-01-31,B-200,7,956
2025-01-31,B-200,4,1093
2025-01-31,B-200,3,1062
2025-01-31,B-200,14,925
2025-02-01,A-100,11,920
2025-02-01,B-200,12,1092
2025-02-02,A-100,2,929
2025-02-02,A-100,9,1038
2025-02-02,A-100,5,986
2025-02-02,A-100,10,1042
2025-02-02,B-200,14,1066
2025-02-02,B-200,12,1044
2025-02-03,A-100,4,1009
2025-02-03,A-100,8,992
2025-02-03,B-200,11,974
2025-02-03,B-200,16,975
2025-02-03,B-200,19,1097
2025-02-03,B-200,9,1054
2025-02-03,B-200,14,1072
2025-02-04,A-100,12,1023
2025-02-04,A-100,9,962
2025-02-04,B-200,10,925
2025-02-04,B-200,13,1068
2025-02-04,B-200,7,978
2025-02-05,A-100,17,1081
2025-02-05,A-100,15,942
2025-02-05,A-100,4,997
2025-02-05,B-200,1,999
2025-02-05,B-200,2,952
2025-02-05,B-200,7,908
2025-02-05,B-200,5,1025
2025-02-06,A-100,18,988
2025-02-06,A-100,7,1069
2025-02-06,B-200,15,932
2025-02-06,B-200,7,1096
2025-02-07,A-100,19,983
2025-02-07,A-100,10,978
2025-02-07,A-100,4,1068
2025-02-07,B-200,10,974
2025-02-07,B-200,15,969
2025-02-07,B-200,5,916
2025-02-08,A-100,8,900
2025-02-08,A-100,18,1048
2025-02-08,A-100,14,1009
2025-02-08,A-100,15,926
2025-02-08,A-100,5,1008
2025-02-08,B-200,12,981
2025-02-08,B-200,13,911
2025-02-08,B-200,10,978
2025-02-08,B-200,10,926
2025-02-09,A-100,16,1032
2025-02-09,A-100,6,922
2025-02-09,A-100,12,1089
2025-02-09,A-100,7,1098
2025-02-09,A-100,3,956
2025-02-09,B-200,10,1052
2025-02-09,B-200,7,1054
2025-02-09,B-200,6,929
2025-02-09,B-200,11,1002
2025-02-11,A-100,2,1086
2025-02-11,A-100,2,1022
2025-02-11,A-100,7,922
2025-02-11,A-100,7,907
2025-02-11,A-100,14,1074
2025-02-11,B-200,9,928
2025-02-11,B-200,10,1089
2025-02-12,A-100,3,910
2025-02-12,A-100,7,1088
2025-02-12,A-100,4,908
2025-02-12,A-100,19,939
2025-02-12,B-200,15,919
2025-02-12,B-200,4,1045
2025-02-13,A-100,5,1022
2025-02-13,A-100,7,1089
2025-02-13,A-100,8,1049
2025-02-13,B-200,16,957
2025-02-13,B-200,10,1060
2025-02-14,A-100,14,981
2025-02-14,A-100,14,1014
2025-02-14,A-100,10,962
2025-02-14,A-100,7,924
2025-02-14,B-200,1,923
2025-02-14,B-200,6,928
2025-02-14,B-200,15,925
2025-02-14,B-200,9,1046
2025-02-15,A-100,9,1053
2025-02-15,A-100,10,1039
2025-02-15,B-200,5,924
2025-02-15,B-200,9,976
2025-02-15,B-200,3,1052
2025-02-15,B-200,12,1031
2025-02-15,B-200,14,987
2025-02-16,A-100,18,1074
2025-02-16,A-100,8,909
2025-02-16,A-100,17,1014
2025-02-16,A-100,15,960
2025-02-16,B-200,16,903
2025-02-16,B-200,11,995
2025-02-16,B-200,13,951
2025-02-16,B-200,2,954
2025-02-16,B-200,10,953
2025-02-17,A-100,8,928
2025-02-17,A-100,13,942
2025-02-17,A-100,6,1041
2025-02-17,A-100,6,912
2025-02-17,B-200,8,1037
2025-02-17,B-200,14,900
2025-02-18,A-100,7,1053
2025-02-18,B-200,7,1052
2025-02-18,B-200,13,1002
2025-02-18,B-200,1,1029
2025-02-19,A-100,1,975
2025-02-19,B-200,7,1085
2025-02-19,B-200,6,1067
2025-02-20,A-100,5,929
2025-02-20,B-200,9,1071
2025-02-20,B-200,15,1039
2025-02-21,A-100,3,1032
2025-02-21,A-100,15,1009
2025-02-21,B-200,8,1092
2025-02-21,B-200,17,981
2025-02-21,B-200,15,969
2025-02-22,A-100,10,1073
2025-02-22,A-100,7,991
2025-02-22,A-100,2,1056
2025-02-22,A-100,6,918
2025-02-22,A-100,5,1033
2025-02-22,B-200,19,947
2025-02-22,B-200,12,991
2025-02-22,B-200,14,1034
2025-02-22,B-200,2,929
2025-02-22,B-200,12,1006
2025-02-23,A-100,12,981
2025-02-23,B-200,2,1067
2025-02-23,B-200,4,1089
2025-02-23,B-200,18,1064
2025-02-24,A-100,12,1072
2025-02-24,B-200,1,960
2025-02-24,B-200,4,987
2025-02-24,B-200,8,1065
2025-02-25,A-100,17,958
2025-02-25,A-100,19,1033
2025-02-25,B-200,12,924
2025-02-25,B-200,18,1091
2025-02-26,A-100,15,1025
2025-02-26,A-100,1,901
2025-02-26,A-100,5,1050
2025-02-26,B-200,17,959
2025-02-26,B-200,17,1083
2025-02-27,A-100,4,1026
2025-02-27,B-200,19,1090
2025-02-27,B-200,6,977
2025-02-27,B-200,15,1054
2025-02-27,B-200,6,906
2025-02-28,A-100,14,1060
2025-02-28,A-100,18,998
2025-02-28,B-200,4,1088
2025-02-28,B-200,17,977
2025-02-28,B-200,7,1046
2025-02-28,B-200,8,1045
2025-03-01,A-100,18,905
2025-03-01,A-100,15,913
2025-03-01,A-100,17,950
2025-03-01,A-100,7,1043
2025-03-01,B-200,8,962
2025-03-01,B-200,19,1092
2025-03-01,B-200,10,904
2025-03-01,B-200,19,1023
2025-03-01,B-200,11,922
2025-03-02,A-100,7,968
2025-03-02,A-100,17,995
2025-03-02,B-200,14,973
2025-03-02,B-200,8,1061
2025-03-02,B-200,10,1036
2025-03-02,B-200,3,985
2025-03-02,B-200,11,968
2025-03-03,A-100,2,985
2025-03-03,A-100,10,950
2025-03-03,A-100,11,1080
2025-03-03,A-100,9,1007
2025-03-03,A-100,19,1084
2025-03-03,B-200,14,1070
2025-03-04,A-100,15,1068
2025-03-04,B-200,1,938
2025-03-04,B-200,6,1072
2025-03-04,B-200,3,1048
2025-03-05,A-100,5,920
2025-03-05,B-200,15,983
2025-03-05,B-200,11,1027
2025-03-05,B-200,9,1050
2025-03-06,A-100,4,907
2025-03-06,B-200,2,931
2025-03-07,A-100,2,1060
2025-03-07,A-100,7,988
2025-03-07,A-100,13,1099
2025-03-07,B-200,8,969
2025-03-07,B-200,7,916
2025-03-07,B-200,7,1051
2025-03-07,B-200,6,978
2025-03-08,A-100,9,959
2025-03-08,B-200,12,974
2025-03-08,B-200,11,1091
2025-03-08,B-200,4,950
2025-03-08,B-200,11,921
2025-03-08,B-200,10,931
2025-03-09,A-100,11,941
2025-03-09,B-200,11,1093
2025-03-09,B-200,4,1000
2025-03-09,B-200,19,923
2025-03-10,A-100,4,1091
2025-03-10,B-200,2,1070
2025-03-10,B-200,10,995
2025-03-10,B-200,19,962
2025-03-11,A-100,3,927
2025-03-11,A-100,6,915
2025-03-11,B-200,19,950
2025-03-11,B-200,1,907
2025-03-11,B-200,4,1017
2025-03-12,A-100,8,1023
2025-03-12,A-100,19,933
2025-03-12,A-100,3,943
2025-03-12,A-100,3,1065
2025-03-12,B-200,11,926
2025-03-12,B-200,17,1083
2025-03-12,B-200,8,1034
2025-03-12,B-200,12,1005
2025-03-12,B-200,7,955
2025-03-13,A-100,16,922
2025-03-13,A-100,2,995
2025-03-13,A-100,15,1012
2025-03-13,A-100,16,1042
2025-03-13,B-200,11,910
2025-03-13,B-200,4,1048
2025-03-13,B-200,6,1044
2025-03-13,B-200,7,902
2025-03-14,A-100,3,982
2025-03-14,A-100,19,963
2025-03-14,A-100,2,1053
2025-03-14,B-200,1,1038
2025-03-14,B-200,7,927
2025-03-15,A-100,1,974
2025-03-15,B-200,8,907
2025-03-15,B-200,17,1026
2025-03-15,B-200,19,1016
2025-03-15,B-200,10,1002
2025-03-15,B-200,1,975
2025-03-16,A-100,19,995
2025-03-16,A-100,15,944
2025-03-16,A-100,18,1040
2025-03-16,A-100,14,1018
2025-03-16,A-100,16,1006
2025-03-16,B-200,13,990
2025-03-16,B-200,4,1081
2025-03-16,B-200,2,908
2025-03-16,B-200,1,921
2025-03-16,B-200,5,998
2025-03-17,A-100,9,911
2025-03-17,A-100,11,959
2025-03-17,A-100,11,912
2025-03-17,B-200,14,969
2025-03-17,B-200,7,963
2025-03-17,B-200,19,1040
2025-03-17,B-200,9,1029
2025-03-17,B-200,2,1065
2025-03-18,A-100,1,998
2025-03-18,A-100,18,1051
2025-03-18,A-100,1,1017
2025-03-18,A-100,13,1005
2025-03-18,B-200,13,984
2025-03-18,B-200,19,1067
2025-03-19,A-100,3,1050
2025-03-19,A-100,15,1055
2025-03-19,A-100,1,991
2025-03-19,A-100,6,1083
2025-03-19,B-200,12,987
2025-03-19,B-200,3,1024
2025-03-19,B-200,12,976
2025-03-20,A-100,7,1054
2025-03-20,A-100,17,996
2025-03-20,A-100,1,1036
2025-03-20,A-100,18,1041
2025-03-20,B-200,11,972
2025-03-20,B-200,15,1045
2025-03-21,A-100,12,967
2025-03-21,B-200,2,1069
2025-03-21,B-200,15,1003
2025-03-21,B-200,19,1043
2025-03-21,B-200,1,978
2025-03-21,B-200,16,1055
2025-03-22,A-100,1,1089
2025-03-22,A-100,11,1061
2025-03-22,A-100,5,968
2025-03-22,A-100,14,932
2025-03-22,A-100,2,1021
2025-03-22,B-200,18,1035
2025-03-23,A-100,19,900
2025-03-23,A-100,5,1039
2025-03-23,A-100,3,949
2025-03-23,A-100,1,911
2025-03-23,B-200,13,920
2025-03-23,B-200,19,1055
2025-03-23,B-200,13,914
2025-03-24,A-100,11,1012
2025-03-24,A-100,14,1083
2025-03-24,B-200,2,917
2025-03-25,A-100,10,1048
2025-03-25,A-100,11,1090
2025-03-25,A-100,7,1033
2025-03-25,A-100,6,946
2025-03-25,A-100,19,904
2025-03-25,B-200,8,927
2025-03-25,B-200,15,971
2025-03-26,A-100,9,1057
2025-03-26,A-100,12,1091
2025-03-26,A-100,12,1097
2025-03-26,A-100,14,911
2025-03-26,A-100,3,1057
2025-03-26,B-200,4,1058
2025-03-27,A-100,6,1067
2025-03-27,B-200,19,1043
2025-03-27,B-200,6,932
2025-03-27,B-200,18,1080
2025-03-28,A-100,19,1080
2025-03-28,A-100,6,1079
2025-03-28,A-100,14,992
2025-03-28,A-100,8,1062
2025-03-28,B-200,18,992
2025-03-28,B-200,6,1074
2025-03-28,B-200,6,1050
2025-03-28,B-200,10,1017
2025-03-28,B-200,4,949
2025-03-29,A-100,19,916
2025-03-29,A-100,18,934
2025-03-29,A-100,3,1066
2025-03-29,A-100,4,1029
2025-03-29,B-200,2,940
2025-03-30,A-100,16,934
2025-03-30,A-100,2,922
2025-03-30,B-200,10,1094
2025-03-30,B-200,16,956
2025-03-30,B-200,16,991
2025-03-30,B-200,11,1005
2025-03-30,B-200,15,941
2025-03-31,A-100,12,923
2025-03-31,A-100,3,1008
2025-03-31,A-100,18,1022
2025-03-31,A-100,6,1024
2025-03-31,A-100,3,995
2025-03-31,B-200,12,920
2025-03-31,B-200,4,911
2025-03-31,B-200,8,947
2025-03-31,B-200,19,963
2025-03-31,B-200,1,986
2025-04-01,A-100,7,1004
2025-04-01,A-100,11,904
2025-04-01,A-100,1,1059
2025-04-01,A-100,8,1037
2025-04-01,A-100,18,948
2025-04-01,B-200,5,1048
2025-04-01,B-200,4,960
2025-04-01,B-200,9,997
2025-04-01,B-200,1,1068
2025-04-02,A-100,14,1042
2025-04-02,A-100,9,1007
2025-04-02,B-200,18,923
2025-04-04,A-100,1,943
2025-04-04,A-100,9,1043
2025-04-04,A-100,12,952
2025-04-04,B-200,5,1011
2025-04-04,B-200,11,945
2025-04-04,B-200,4,1003
2025-04-05,A-100,9,995
2025-04-05,A-100,17,961
2025-04-05,A-100,8,973
2025-04-05,B-200,14,996
2025-04-05,B-200,6,1037
2025-04-05,B-200,6,1079
2025-04-05,B-200,12,988
2025-04-06,A-100,17,1041
2025-04-06,A-100,16,918
2025-04-06,A-100,1,1031
2025-04-06,A-100,1,1078
2025-04-06,B-200,12,1045
2025-04-06,B-200,9,1091
2025-04-06,B-200,1,958
2025-04-06,B-200,14,1057
2025-04-06,B-200,5,1060
2025-04-07,A-100,14,941
2025-04-07,A-100,3,1041
2025-04-07,B-200,6,1020
2025-04-07,B-200,18,966
2025-04-07,B-200,10,941
2025-04-07,B-200,10,1077
2025-04-08,A-100,9,903
2025-04-08,A-100,12,959
2025-04-08,A-100,19,1099
2025-04-08,A-100,13,1026
2025-04-08,B-200,2,912
2025-04-08,B-200,9,963
2025-04-09,A-100,16,1067
2025-04-09,A-100,8,916
2025-04-09,B-200,10,1073
2025-04-12,A-100,2,996
2025-04-12,A-100,4,993
2025-04-12,A-100,19,1048
2025-04-12,A-100,17,907
2025-04-12,B-200,17,1034
2025-04-12,B-200,15,909
2025-04-12,B-200,15,1067
2025-04-12,B-200,5,994
2025-04-13,A-100,6,921
2025-04-13,B-200,2,902
2025-04-13,B-200,12,950
2025-04-13,B-200,8,967
2025-04-14,A-100,1,988
2025-04-14,B-200,15,939
2025-04-14,B-200,2,1019
2025-04-14,B-200,18,947
2025-04-15,A-100,12,922
2025-04-15,A-100,13,968
2025-04-15,A-100,1,1084
2025-04-15,B-200,6,1063
2025-04-15,B-200,16,941
2025-04-15,B-200,19,1006
2025-04-16,A-100,17,953
2025-04-16,B-200,2,1088
2025-04-16,B-200,6,1030
2025-04-16,B-200,7,1012
2025-04-17,A-100,12,943
2025-04-17,A-100,3,935
2025-04-17,A-100,8,942
2025-04-17,B-200,14,1034
2025-04-17,B-200,18,1052
2025-04-18,A-100,5,934
2025-04-18,A-100,17,1078
2025-04-18,A-100,17,992
2025-04-18,A-100,17,1053
2025-04-18,A-100,15,1020
2025-04-18,B-200,15,1075
2025-04-18,B-200,17,1019
2025-04-19,A-100,4,915
2025-04-19,A-100,3,998
2025-04-19,B-200,8,1002
2025-04-19,B-200,11,983
2025-04-20,A-100,1,1060
2025-04-20,A-100,2,1054
2025-04-20,B-200,16,933
2025-04-20,B-200,4,981
2025-04-21,A-100,19,1035
2025-04-21,A-100,4,917
2025-04-21,A-100,6,1096
2025-04-21,A-100,15,1048
2025-04-21,B-200,9,1040
2025-04-21,B-200,18,1016
2025-04-22,A-100,1,978
2025-04-22,A-100,19,1090
2025-04-22,A-100,19,1095
2025-04-22,A-100,1,930
2025-04-22,A-100,10,1020
2025-04-22,B-200,6,950
2025-04-22,B-200,12,1095
2025-04-22,B-200,16,934
2025-04-23,A-100,1,1040
2025-04-23,A-100,12,1031
2025-04-23,A-100,17,1018
2025-04-23,A-100,12,996
2025-04-23,B-200,8,913
2025-04-23,B-200,1,1042
2025-04-23,B-200,13,981
2025-04-23,B-200,15,994
2025-04-24,A-100,19,1044
2025-04-24,A-100,15,1037
2025-04-24,B-200,15,986
2025-04-24,B-200,16,906
2025-04-24,B-200,13,1007
2025-04-24,B-200,1,1032
2025-04-25,A-100,12,1021
2025-04-25,A-100,6,1024
2025-04-25,A-100,5,1051
2025-04-25,B-200,3,1040
2025-04-26,A-100,10,1096
2025-04-26,B-200,13,1038
2025-04-26,B-200,14,932
2025-04-26,B-200,6,938
2025-04-26,B-200,5,941
2025-04-27,A-100,1,1038
2025-04-27,A-100,11,1055
2025-04-27,A-100,8,985
2025-04-27,B-200,14,944
2025-04-27,B-200,12,1092
2025-04-27,B-200,2,966
2025-04-27,B-200,11,1085
2025-04-28,A-100,8,989
2025-04-28,A-100,14,1008
2025-04-28,A-100,11,1068
2025-04-28,B-200,19,1040
2025-04-29,A-100,11,970
2025-04-29,A-100,15,950
2025-04-29,A-100,13,1005
2025-04-29,B-200,16,963
2025-04-29,B-200,13,950
2025-04-30,A-100,6,922
2025-04-30,A-100,3,998
2025-04-30,A-100,15,1042
2025-04-30,A-100,4,1066
2025-04-30,A-100,4,1011
2025-04-30,B-200,16,1040
2025-04-30,B-200,7,1053
2025-04-30,B-200,8,970
2025-04-30,B-200,11,1023
2025-04-30,B-200,4,1086
2025-05-01,A-100,2,981
2025-05-01,A-100,4,1086
2025-05-01,B-200,16,956
2025-05-01,B-200,14,998
2025-05-01,B-200,6,1006
2025-05-01,B-200,4,1092
2025-05-01,B-200,4,960
2025-05-02,A-100,19,977
2025-05-02,A-100,4,904
2025-05-02,A-100,12,1095
2025-05-02,A-100,2,1099
2025-05-02,B-200,18,913
2025-05-02,B-200,17,966
2025-05-03,A-100,16,913
2025-05-03,B-200,19,981
2025-05-03,B-200,16,1038
2025-05-03,B-200,16,1089
2025-05-04,A-100,2,921
2025-05-04,A-100,3,1089
2025-05-04,B-200,12,1069
2025-05-04,B-200,7,995
2025-05-04,B-200,17,929
2025-05-04,B-200,3,1005
2025-05-04,B-200,5,1033
2025-05-05,A-100,2,988
2025-05-05,B-200,1,1038
2025-05-05,B-200,19,1095
2025-05-06,A-100,18,1014
2025-05-06,A-100,9,1085
2025-05-06,A-100,13,1096
2025-05-06,B-200,19,1011
2025-05-06,B-200,8,912
2025-05-06,B-200,14,953
2025-05-06,B-200,1,1060
2025-05-06,B-200,9,1010
2025-05-07,A-100,12,1013
2025-05-07,A-100,6,1057
2025-05-07,A-100,5,1023
2025-05-07,A-100,16,923
2025-05-07,A-100,8,1035
2025-05-07,B-200,1,981
2025-05-07,B-200,10,1084
2025-05-08,A-100,4,1082
2025-05-08,A-100,7,1078
2025-05-08,B-200,11,914
2025-05-10,A-100,13,1011
2025-05-10,A-100,4,953
2025-05-10,A-100,8,1095
2025-05-10,A-100,14,906
2025-05-10,B-200,7,941
2025-05-11,A-100,12,996
2025-05-11,B-200,11,1003
2025-05-11,B-200,6,1093
2025-05-11,B-200,6,928
2025-05-11,B-200,2,913
2025-05-12,A-100,1,1005
2025-05-12,B-200,11,900
2025-05-12,B-200,4,969
2025-05-12,B-200,15,1030
2025-05-13,A-100,11,976
2025-05-13,A-100,3,1015
2025-05-13,A-100,6,952
2025-05-13,B-200,2,904
2025-05-13,B-200,7,1019
2025-05-13,B-200,16,1003
2025-05-13,B-200,5,968
2025-05-14,A-100,16,1041
2025-05-14,A-100,8,957
2025-05-14,A-100,2,1059
2025-05-14,A-100,19,910
2025-05-14,B-200,5,1059
2025-05-16,A-100,10,948
2025-05-16,A-100,1,921
2025-05-16,B-200,13,952
2025-05-16,B-200,18,1008
2025-05-16,B-200,16,1058
2025-05-16,B-200,6,1018
2025-05-17,A-100,7,919
2025-05-17,A-100,1,989
2025-05-17,A-100,18,942
2025-05-17,A-100,12,932
2025-05-17,B-200,4,988
2025-05-17,B-200,16,974
2025-05-17,B-200,18,909
2025-05-17,B-200,2,933
2025-05-18,A-100,5,971
2025-05-18,A-100,1,1042
2025-05-18,A-100,11,909
2025-05-18,A-100,9,943
2025-05-18,A-100,9,956
2025-05-18,B-200,2,1019
2025-05-18,B-200,16,900
2025-05-18,B-200,18,1052
2025-05-18,B-200,6,996
2025-05-19,A-100,17,971
2025-05-19,A-100,3,986
2025-05-19,A-100,12,1055
2025-05-19,A-100,6,1085
2025-05-19,B-200,12,987
2025-05-20,A-100,1,1063
2025-05-20,A-100,10,1003
2025-05-20,A-100,6,978
2025-05-20,A-100,9,962
2025-05-20,A-100,1,980
2025-05-20,B-200,14,994
2025-05-20,B-200,11,993
2025-05-20,B-200,9,1043
2025-05-21,A-100,1,1017
2025-05-21,A-100,8,919
2025-05-21,A-100,17,1026
2025-05-21,B-200,13,1096
2025-05-21,B-200,14,1042
2025-05-21,B-200,15,1044
2025-05-21,B-200,14,915
2025-05-22,A-100,12,1003
2025-05-22,A-100,10,1036
2025-05-22,A-100,15,940
2025-05-22,A-100,19,1052
2025-05-22,A-100,4,1021
2025-05-22,B-200,8,1073
2025-05-22,B-200,6,1067
2025-05-22,B-200,13,1063
2025-05-23,A-100,19,1028
2025-05-23,B-200,5,923
2025-05-23,B-200,6,926
2025-05-24,A-100,16,1092
2025-05-24,A-100,9,910
2025-05-24,A-100,12,1089
2025-05-24,A-100,7,920
2025-05-24,B-200,12,930
2025-05-24,B-200,1,1004
2025-05-24,B-200,3,937
2025-05-24,B-200,6,993
2025-05-25,A-100,12,978
2025-05-25,A-100,10,928
2025-05-25,A-100,19,960
2025-05-25,A-100,18,1029
2025-05-25,A-100,6,997
2025-05-25,B-200,12,912
2025-05-26,A-100,5,917
2025-05-26,B-200,18,1084
2025-05-26,B-200,14,946
2025-05-26,B-200,15,1051
2025-05-26,B-200,5,1067
2025-05-26,B-200,19,975
2025-05-27,A-100,19,960
2025-05-27,A-100,19,946
2025-05-27,B-200,10,974
2025-05-27,B-200,9,945
2025-05-27,B-200,13,1098
2025-05-27,B-200,12,955
2025-05-28,A-100,6,1003
2025-05-28,A-100,10,1077
2025-05-28,A-100,3,1023
2025-05-28,A-100,16,972
2025-05-28,A-100,10,958
2025-05-28,B-200,19,972
2025-05-28,B-200,4,1015
2025-05-28,B-200,9,1055
2025-05-29,A-100,16,981
2025-05-29,A-100,9,966
2025-05-29,A-100,16,914
2025-05-29,A-100,11,951
2025-05-29,B-200,19,1034
2025-05-29,B-200,1,979
2025-05-29,B-200,1,997
2025-05-29,B-200,4,1038
2025-05-30,A-100,15,1025
2025-05-30,A-100,7,954
2025-05-30,A-100,12,1058
2025-05-30,A-100,16,1055
2025-05-30,A-100,1,1096
2025-05-30,B-200,1,1012
2025-05-30,B-200,9,921
2025-05-31,A-100,15,1036
2025-05-31,A-100,1,934
2025-05-31,A-100,12,1060
2025-05-31,B-200,7,923
2025-06-01,A-100,19,1052
2025-06-01,B-200,15,962
2025-06-01,B-200,18,982
2025-06-01,B-200,8,1013
2025-06-02,A-100,6,1041
2025-06-02,A-100,4,948
2025-06-02,A-100,10,1004
2025-06-02,A-100,13,927
2025-06-02,A-100,16,1011
2025-06-02,B-200,15,1038
2025-06-02,B-200,9,996
2025-06-02,B-200,5,1013
2025-06-03,A-100,5,995
2025-06-03,A-100,18,1012
2025-06-03,A-100,7,990
2025-06-03,B-200,3,1012
2025-06-03,B-200,1,1070
2025-06-03,B-200,12,922
2025-06-03,B-200,9,1076
2025-06-04,A-100,3,973
2025-06-04,A-100,17,1041
2025-06-04,B-200,7,1022
2025-06-04,B-200,12,992
2025-06-05,A-100,15,1091
2025-06-05,A-100,7,1055
2025-06-05,A-100,16,943
2025-06-05,B-200,4,1023
2025-06-05,B-200,15,1050
2025-06-06,A-100,13,994
2025-06-06,B-200,19,1011
2025-06-06,B-200,12,1085
2025-06-06,B-200,7,928
2025-06-06,B-200,10,971
2025-06-06,B-200,13,1056
2025-06-07,A-100,9,937
2025-06-07,A-100,15,966
2025-06-07,A-100,11,1081
2025-06-07,B-200,9,934
2025-06-08,A-100,6,1022
2025-06-08,A-100,3,991
2025-06-08,A-100,16,1034
2025-06-08,A-100,6,1094
2025-06-08,A-100,16,980
2025-06-08,B-200,4,966
2025-06-08,B-200,18,1094
2025-06-08,B-200,16,938
2025-06-08,B-200,5,1029
2025-06-08,B-200,2,1098
2025-06-09,A-100,5,1076
2025-06-09,A-100,5,924
2025-06-09,A-100,5,1054
2025-06-09,A-100,18,1022
2025-06-09,A-100,5,1020
2025-06-09,B-200,10,969
2025-06-09,B-200,3,972
2025-06-09,B-200,17,981
2025-06-10,A-100,12,1028
2025-06-10,A-100,9,928
2025-06-10,A-100,9,900
2025-06-10,B-200,9,971
2025-06-10,B-200,13,1050
2025-06-10,B-200,6,1000
2025-06-11,A-100,4,934
2025-06-11,A-100,1,910
2025-06-11,A-100,16,913
2025-06-11,B-200,18,948
2025-06-11,B-200,9,972
2025-06-11,B-200,8,971
2025-06-11,B-200,7,1036
2025-06-11,B-200,8,937
2025-06-12,A-100,2,1015
2025-06-12,A-100,19,938
2025-06-12,A-100,2,942
2025-06-12,A-100,7,1086
2025-06-12,A-100,5,966
2025-06-12,B-200,8,1098
2025-06-12,B-200,2,991
2025-06-13,A-100,19,953
2025-06-13,B-200,7,914
2025-06-13,B-200,3,904
2025-06-14,A-100,18,961
2025-06-14,A-100,1,919
2025-06-14,B-200,11,952
2025-06-14,B-200,5,943
2025-06-14,B-200,9,1040
2025-06-14,B-200,13,1049
2025-06-15,A-100,4,1016
2025-06-15,A-100,1,1081
2025-06-15,A-100,15,1024
2025-06-15,A-100,12,1033
2025-06-15,B-200,19,942
2025-06-15,B-200,16,1052
2025-06-15,B-200,16,914
2025-06-16,A-100,14,1026
2025-06-16,A-100,5,1065
2025-06-16,A-100,10,1094
2025-06-16,A-100,10,1007
2025-06-16,B-200,17,1080
2025-06-16,B-200,12,1009
2025-06-16,B-200,2,913
2025-06-17,A-100,12,944
2025-06-17,A-100,7,908
2025-06-17,A-100,15,1001
2025-06-17,B-200,12,928
2025-06-18,A-100,17,1048
2025-06-18,A-100,13,1020
2025-06-18,B-200,4,960
2025-06-18,B-200,19,1083
2025-06-18,B-200,14,1077
2025-06-19,A-100,15,927
2025-06-19,A-100,18,998
2025-06-19,A-100,6,994
2025-06-19,A-100,7,966
2025-06-19,B-200,19,981
2025-06-19,B-200,5,1052
2025-06-19,B-200,6,1007
2025-06-20,A-100,7,1091
2025-06-20,A-100,13,1039
2025-06-20,B-200,1,968
2025-06-22,A-100,3,930
2025-06-22,A-100,2,1068
2025-06-22,B-200,13,917
2025-06-22,B-200,19,1036
2025-06-22,B-200,16,975
2025-06-22,B-200,4,1064
2025-06-23,A-100,2,1010
2025-06-23,B-200,19,1086
2025-06-23,B-200,4,1065
2025-06-24,A-100,4,915
2025-06-24,A-100,3,1031
2025-06-24,A-100,5,949
2025-06-24,A-100,4,1076
2025-06-24,B-200,16,903
2025-06-24,B-200,5,1076
2025-06-24,B-200,11,908
2025-06-24,B-200,5,1065
2025-06-24,B-200,17,985
2025-06-25,A-100,16,1065
2025-06-25,A-100,5,1095
2025-06-25,B-200,19,1050
2025-06-25,B-200,11,1096
2025-06-25,B-200,14,1066
2025-06-25,B-200,8,948
2025-06-25,B-200,11,981
2025-06-26,A-100,7,948
2025-06-26,A-100,11,965
2025-06-26,A-100,5,944
2025-06-26,A-100,13,983
2025-06-26,B-200,3,911
2025-06-26,B-200,14,1093
2025-06-27,A-100,6,1013
2025-06-27,A-100,3,967
2025-06-27,A-100,14,1070
2025-06-27,A-100,5,1082
2025-06-27,B-200,5,1055
2025-06-27,B-200,17,954
2025-06-27,B-200,3,956
2025-06-27,B-200,15,912
2025-06-28,A-100,12,1061
2025-06-28,B-200,17,1090
2025-06-29,A-100,4,1082
2025-06-29,A-100,11,990
2025-06-29,A-100,8,943
2025-06-29,B-200,16,1011
2025-06-29,B-200,8,921
2025-06-30,A-100,3,1089
2025-06-30,A-100,4,924
2025-06-30,B-200,7,1099
2025-06-30,B-200,8,1030
2025-06-30,B-200,16,1096
2025-06-30,B-200,16,1015
2025-07-01,A-100,17,976
2025-07-01,A-100,2,1036
2025-07-01,A-100,2,903
2025-07-01,A-100,19,1013
2025-07-01,A-100,13,1076
2025-07-01,B-200,19,926
2025-07-01,B-200,7,1053
2025-07-01,B-200,1,946
2025-07-01,B-200,10,968
2025-07-01,B-200,4,1079
2025-07-02,A-100,13,998
2025-07-02,A-100,17,959
2025-07-02,A-100,17,1073
2025-07-02,A-100,1,1050
2025-07-02,B-200,10,1083
2025-07-03,A-100,10,915
2025-07-03,A-100,2,1003
2025-07-03,A-100,1,903
2025-07-03,A-100,19,1006
2025-07-03,B-200,2,1057
2025-07-03,B-200,10,944
2025-07-03,B-200,15,947
2025-07-04,A-100,17,1040
2025-07-04,A-100,6,931
2025-07-04,B-200,9,1010
2025-07-04,B-200,8,908
2025-07-05,A-100,11,1067
2025-07-05,A-100,1,1092
2025-07-05,B-200,11,910
2025-07-05,B-200,14,1043
2025-07-05,B-200,11,1060
2025-07-05,B-200,16,1067
2025-07-06,A-100,11,929
2025-07-06,B-200,13,984
2025-07-06,B-200,17,917
2025-07-07,A-100,1,908
2025-07-07,A-100,8,1014
2025-07-07,A-100,10,959
2025-07-07,B-200,12,968
2025-07-07,B-200,7,988
2025-07-07,B-200,15,1017
2025-07-07,B-200,3,1084
2025-07-08,A-100,5,1012
2025-07-08,B-200,11,911
2025-07-08,B-200,19,954
2025-07-08,B-200,7,921
2025-07-08,B-200,14,989
2025-07-08,B-200,5,1027
2025-07-09,A-100,16,1038
2025-07-09,A-100,11,906
2025-07-09,A-100,5,1015
2025-07-09,A-100,11,1006
2025-07-09,B-200,18,1000
2025-07-09,B-200,3,988
2025-07-09,B-200,5,1005
2025-07-09,B-200,12,1009
2025-07-10,A-100,17,980
2025-07-10,B-200,19,906
2025-07-10,B-200,7,1048
2025-07-11,A-100,13,985
2025-07-11,A-100,9,999
2025-07-11,B-200,15,974
2025-07-11,B-200,8,981
2025-07-11,B-200,14,1018
2025-07-11,B-200,11,986
2025-07-11,B-200,8,1011
2025-07-12,A-100,5,1037
2025-07-12,B-200,12,984
2025-07-13,A-100,14,1065
2025-07-13,A-100,19,987
2025-07-13,A-100,14,1057
2025-07-13,B-200,13,949
2025-07-13,B-200,7,941
2025-07-13,B-200,4,961
2025-07-13,B-200,10,1057
2025-07-13,B-200,6,937
2025-07-14,A-100,8,979
2025-07-14,A-100,7,990
2025-07-14,A-100,13,908
2025-07-14,B-200,6,927
2025-07-14,B-200,4,1009
2025-07-14,B-200,10,917
2025-07-14,B-200,10,944
2025-07-14,B-200,18,961
2025-07-15,A-100,11,925
2025-07-15,A-100,13,995
2025-07-15,A-100,16,978
2025-07-15,A-100,4,922
2025-07-15,A-100,15,946
2025-07-15,B-200,3,915
2025-07-15,B-200,14,968
2025-07-15,B-200,11,905
2025-07-15,B-200,4,918
2025-07-16,A-100,5,991
2025-07-16,A-100,18,917
2025-07-16,B-200,8,1015
2025-07-16,B-200,13,1047
2025-07-16,B-200,18,1099
2025-07-16,B-200,2,982
2025-07-16,B-200,11,1004
2025-07-17,A-100,18,1046
2025-07-17,A-100,16,1025
2025-07-17,A-100,2,1094
2025-07-17,B-200,3,950
2025-07-17,B-200,7,950
2025-07-17,B-200,12,1009
2025-07-17,B-200,5,1039
2025-07-18,A-100,6,946
2025-07-18,A-100,14,1052
2025-07-18,A-100,3,911
2025-07-18,A-100,17,1000
2025-07-18,A-100,9,984
2025-07-18,B-200,13,916
2025-07-18,B-200,6,1090
2025-07-18,B-200,4,1081
2025-07-19,A-100,13,969
2025-07-19,A-100,16,912
2025-07-19,A-100,3,1024
2025-07-19,B-200,14,1070
2025-07-19,B-200,18,1001
2025-07-19,B-200,10,1084
2025-07-21,A-100,19,1049
2025-07-21,B-200,13,986
2025-07-22,A-100,17,983
2025-07-22,A-100,4,1072
2025-07-22,A-100,7,1051
2025-07-22,A-100,16,911
2025-07-22,B-200,2,1020
2025-07-22,B-200,16,1012
2025-07-22,B-200,7,1094
2025-07-23,A-100,19,1078
2025-07-23,A-100,11,1090
2025-07-23,B-200,12,923
2025-07-23,B-200,18,1028
2025-07-23,B-200,3,1068
2025-07-23,B-200,8,1057
2025-07-23,B-200,5,901
2025-07-24,A-100,3,1082
2025-07-24,A-100,3,1086
2025-07-24,A-100,14,971
2025-07-24,A-100,19,971
2025-07-24,A-100,13,903
2025-07-24,B-200,7,948
2025-07-25,A-100,3,1050
2025-07-25,A-100,17,1067
2025-07-25,A-100,4,1076
2025-07-25,A-100,3,921
2025-07-25,B-200,15,925
2025-07-25,B-200,8,982
2025-07-25,B-200,14,1003
2025-07-25,B-200,12,916
2025-07-26,A-100,10,949
2025-07-26,A-100,13,957
2025-07-26,A-100,5,1010
2025-07-26,A-100,7,1078
2025-07-26,B-200,8,907
2025-07-26,B-200,7,923
2025-07-26,B-200,5,956
2025-07-26,B-200,13,921
2025-07-28,A-100,9,960
2025-07-28,A-100,11,1010
2025-07-28,B-200,13,901
2025-07-28,B-200,13,1050
2025-07-29,A-100,19,1061
2025-07-29,A-100,1,916
2025-07-29,A-100,3,1016
2025-07-29,A-100,14,1031
2025-07-29,B-200,4,912
2025-07-29,B-200,8,960
2025-07-30,A-100,16,948
2025-07-30,A-100,17,917
2025-07-30,B-200,3,977
2025-07-30,B-200,19,1053
2025-07-30,B-200,10,1026
2025-07-30,B-200,13,1058
2025-07-31,A-100,19,1013
2025-07-31,B-200,3,1020
2025-07-31,B-200,15,1061
2025-08-01,A-100,18,914
2025-08-01,A-100,8,996
2025-08-01,A-100,14,959
2025-08-01,A-100,6,1080
2025-08-01,B-200,13,936
2025-08-01,B-200,10,984
2025-08-01,B-200,12,1084
2025-08-01,B-200,6,1062
2025-08-02,A-100,3,1035
2025-08-02,A-100,8,1036
2025-08-02,A-100,3,1047
2025-08-02,A-100,2,969
2025-08-02,A-100,18,1026
2025-08-02,B-200,7,917
2025-08-02,B-200,3,1043
2025-08-02,B-200,6,914
2025-08-03,A-100,5,953
2025-08-03,A-100,4,937
2025-08-03,A-100,11,944
2025-08-03,A-100,14,1063
2025-08-03,A-100,10,947
2025-08-03,B-200,19,1083
2025-08-03,B-200,18,1061
2025-08-03,B-200,15,1091
2025-08-03,B-200,7,1085
2025-08-03,B-200,1,1066
2025-08-04,A-100,4,1098
2025-08-04,A-100,14,903
2025-08-04,A-100,17,921
2025-08-04,A-100,16,1062
2025-08-04,B-200,12,1065
2025-08-04,B-200,17,1041
2025-08-04,B-200,4,1033
2025-08-04,B-200,4,909
2025-08-05,A-100,1,914
2025-08-05,A-100,2,938
2025-08-05,A-100,11,1064
2025-08-05,A-100,1,1060
2025-08-05,A-100,18,915
2025-08-05,B-200,16,1039
2025-08-05,B-200,4,929
2025-08-05,B-200,9,1069
2025-08-06,A-100,11,998
2025-08-06,A-100,13,954
2025-08-06,A-100,11,1022
2025-08-06,B-200,19,1048
2025-08-06,B-200,14,1061
2025-08-06,B-200,11,961
2025-08-07,A-100,7,996
2025-08-07,A-100,6,902
2025-08-07,A-100,6,920
2025-08-07,A-100,7,910
2025-08-07,A-100,7,1042
2025-08-07,B-200,17,1012
2025-08-07,B-200,11,1093
2025-08-07,B-200,11,916
2025-08-07,B-200,18,1022
2025-08-07,B-200,13,919
2025-08-08,A-100,8,968
2025-08-08,A-100,13,903
2025-08-08,A-100,15,901
2025-08-08,A-100,5,999
2025-08-08,A-100,4,907
2025-08-08,B-200,14,948
2025-08-08,B-200,6,1035
2025-08-08,B-200,19,1003
2025-08-09,A-100,19,995
2025-08-09,B-200,12,1082
2025-08-09,B-200,18,1055
2025-08-10,A-100,16,925
2025-08-10,B-200,8,1041
2025-08-10,B-200,7,1040
2025-08-10,B-200,10,1077
2025-08-11,A-100,16,998
2025-08-11,A-100,7,1003
2025-08-11,A-100,19,938
2025-08-11,A-100,13,944
2025-08-11,B-200,9,1071
2025-08-11,B-200,4,924
2025-08-11,B-200,19,967
2025-08-11,B-200,2,1067
2025-08-12,A-100,15,1015
2025-08-12,A-100,10,997
2025-08-12,A-100,5,1047
2025-08-12,B-200,1,979
2025-08-12,B-200,8,1077
2025-08-12,B-200,9,1013
2025-08-13,A-100,10,1079
2025-08-13,A-100,18,957
2025-08-13,B-200,19,945
2025-08-13,B-200,9,1000
2025-08-13,B-200,1,993
2025-08-13,B-200,3,962
2025-08-14,A-100,6,908
2025-08-14,A-100,10,922
2025-08-14,A-100,9,1008
2025-08-14,A-100,9,1004
2025-08-14,A-100,11,932
2025-08-14,B-200,13,928
2025-08-14,B-200,9,957
2025-08-14,B-200,8,1054
2025-08-14,B-200,12,1081
2025-08-16,A-100,18,1097
2025-08-16,A-100,3,1097
2025-08-16,B-200,17,1065
2025-08-16,B-200,2,924
2025-08-16,B-200,12,920
2025-08-16,B-200,5,1095
2025-08-16,B-200,18,950
2025-08-17,A-100,5,987
2025-08-17,A-100,12,1060
2025-08-17,B-200,1,1031
2025-08-17,B-200,12,909
2025-08-17,B-200,16,1019
2025-08-17,B-200,14,1032
2025-08-17,B-200,7,940
2025-08-18,A-100,12,926
2025-08-18,A-100,1,1033
2025-08-18,A-100,19,971
2025-08-18,A-100,9,1091
2025-08-18,B-200,10,917
2025-08-18,B-200,6,974
2025-08-19,A-100,6,928
2025-08-19,A-100,16,1034
2025-08-19,A-100,13,1016
2025-08-19,B-200,10,1041
2025-08-20,A-100,10,976
2025-08-20,A-100,19,935
2025-08-20,B-200,13,911
2025-08-20,B-200,10,905
2025-08-21,A-100,10,966
2025-08-21,B-200,11,1013
2025-08-22,A-100,16,1029
2025-08-22,A-100,13,1058
2025-08-22,A-100,13,1000
2025-08-22,A-100,14,1093
2025-08-22,B-200,5,980
2025-08-22,B-200,1,961
2025-08-22,B-200,17,919
2025-08-23,A-100,9,1075
2025-08-23,A-100,3,1013
2025-08-23,B-200,11,1057
2025-08-23,B-200,18,951
2025-08-24,A-100,4,1071
2025-08-24,A-100,4,907
2025-08-24,A-100,15,981
2025-08-24,B-200,13,957
2025-08-25,A-100,10,988
2025-08-25,A-100,12,1081
2025-08-25,A-100,13,919
2025-08-25,B-200,12,973
2025-08-26,A-100,5,914
2025-08-26,A-100,5,1033
2025-08-26,A-100,12,1061
2025-08-26,B-200,3,925
2025-08-27,A-100,9,910
2025-08-27,B-200,11,905
2025-08-27,B-200,2,1040
2025-08-27,B-200,18,1069
2025-08-27,B-200,11,1004
2025-08-28,A-100,8,995
2025-08-28,A-100,2,935
2025-08-28,A-100,8,1061
2025-08-28,A-100,9,1017
2025-08-28,A-100,17,995
2025-08-28,B-200,14,963
2025-08-28,B-200,8,1077
2025-08-29,A-100,13,1053
2025-08-29,A-100,7,1056
2025-08-29,A-100,19,932
2025-08-29,A-100,4,1012
2025-08-29,A-100,14,900
2025-08-29,B-200,3,1095
2025-08-29,B-200,14,1098
2025-08-29,B-200,5,1058
2025-08-30,A-100,9,1000
2025-08-30,A-100,17,955
2025-08-30,A-100,13,939
2025-08-30,B-200,9,1059
2025-08-30,B-200,6,962
2025-08-30,B-200,19,939
2025-08-30,B-200,11,964
2025-08-30,B-200,8,1039
2025-08-31,A-100,1,946
2025-08-31,A-100,15,1033
2025-08-31,A-100,1,1078
2025-08-31,A-100,8,960
2025-08-31,B-200,8,1000
2025-08-31,B-200,4,927
2025-08-31,B-200,19,1049
2025-09-01,A-100,14,1044
2025-09-01,A-100,19,1066
2025-09-01,A-100,5,1045
2025-09-01,A-100,4,1000
2025-09-01,B-200,4,1044
2025-09-02,A-100,18,945
2025-09-02,A-100,12,958
2025-09-02,A-100,16,1037
2025-09-02,A-100,9,1086
2025-09-02,A-100,14,930
2025-09-02,B-200,16,1007
2025-09-02,B-200,2,1054
2025-09-02,B-200,10,947
2025-09-03,A-100,14,948
2025-09-03,A-100,15,1080
2025-09-03,A-100,5,1088
2025-09-03,B-200,9,914
2025-09-04,A-100,3,1077
2025-09-04,A-100,19,913
2025-09-04,A-100,19,1081
2025-09-04,A-100,1,912
2025-09-04,A-100,14,983
2025-09-04,B-200,8,968
2025-09-04,B-200,19,948
2025-09-05,A-100,17,1094
2025-09-05,A-100,1,1053
2025-09-05,A-100,6,984
2025-09-05,A-100,9,1097
2025-09-05,A-100,10,944
2025-09-05,B-200,12,1066
2025-09-06,A-100,8,1022
2025-09-06,B-200,6,1035
2025-09-06,B-200,4,1018
2025-09-06,B-200,15,1063
2025-09-06,B-200,9,994
2025-09-06,B-200,17,1009
2025-09-07,A-100,14,1007
2025-09-07,A-100,4,932
2025-09-07,A-100,5,902
2025-09-07,A-100,10,982
2025-09-07,B-200,18,947
2025-09-07,B-200,16,938
2025-09-08,A-100,12,941
2025-09-08,A-100,8,984
2025-09-08,A-100,17,975
2025-09-08,A-100,16,1090
2025-09-08,A-100,3,1087
2025-09-08,B-200,12,961
2025-09-08,B-200,7,1008
2025-09-08,B-200,4,1043
2025-09-10,A-100,6,1077
2025-09-10,A-100,11,1007
2025-09-10,A-100,3,1025
2025-09-10,A-100,16,942
2025-09-10,B-200,1,942
2025-09-10,B-200,2,1053
2025-09-10,B-200,19,907
2025-09-11,A-100,10,1098
2025-09-11,A-100,1,929
2025-09-11,A-100,5,1056
2025-09-11,A-100,2,924
2025-09-11,B-200,8,1041
2025-09-11,B-200,7,917
2025-09-11,B-200,12,921
2025-09-11,B-200,10,1076
2025-09-12,A-100,6,974
2025-09-12,A-100,14,925
2025-09-12,A-100,2,1068
2025-09-12,A-100,19,1097
2025-09-12,A-100,1,1005
2025-09-12,B-200,17,972
2025-09-12,B-200,10,930
2025-09-12,B-200,3,975
2025-09-12,B-200,5,1094
2025-09-12,B-200,2,1005
2025-09-13,A-100,18,921
2025-09-13,A-100,3,933
2025-09-13,A-100,2,1076
2025-09-13,B-200,6,1065
2025-09-14,A-100,4,938
2025-09-14,A-100,18,967
2025-09-14,B-200,3,957
2025-09-14,B-200,7,1017
2025-09-14,B-200,18,948
2025-09-14,B-200,13,998
2025-09-15,A-100,12,988
2025-09-15,A-100,15,902
2025-09-15,A-100,7,934
2025-09-15,B-200,2,971
2025-09-16,A-100,15,1077
2025-09-16,A-100,15,984
2025-09-16,A-100,19,977
2025-09-16,B-200,4,1093
2025-09-16,B-200,6,1025
2025-09-16,B-200,7,945
2025-09-16,B-200,7,1021
2025-09-16,B-200,3,939
2025-09-17,A-100,6,963
2025-09-17,A-100,7,976
2025-09-17,A-100,14,1060
2025-09-17,A-100,7,934
2025-09-17,B-200,14,1083
2025-09-18,A-100,5,1065
2025-09-18,A-100,5,960
2025-09-18,B-200,18,1081
2025-09-19,A-100,18,1022
2025-09-19,B-200,1,1059
2025-09-19,B-200,16,902
2025-09-20,A-100,8,965
2025-09-20,A-100,7,1084
2025-09-20,A-100,19,922
2025-09-20,B-200,11,951
2025-09-20,B-200,4,1050
2025-09-20,B-200,7,925
2025-09-20,B-200,19,1085
2025-09-21,A-100,4,921
2025-09-21,A-100,6,977
2025-09-21,A-100,3,907
2025-09-21,B-200,17,961
2025-09-21,B-200,12,928
2025-09-21,B-200,18,1062
2025-09-21,B-200,4,942
2025-09-21,B-200,7,918
2025-09-22,A-100,1,970
2025-09-22,A-100,16,1074
2025-09-22,A-100,11,1047
2025-09-22,A-100,5,1073
2025-09-22,B-200,14,952
2025-09-22,B-200,4,1006
2025-09-22,B-200,10,1014
2025-09-23,A-100,9,917
2025-09-23,A-100,15,927
2025-09-23,B-200,10,1084
2025-09-24,A-100,16,1032
2025-09-24,B-200,18,920
2025-09-24,B-200,12,971
2025-09-24,B-200,5,1083
2025-09-25,A-100,14,971
2025-09-25,B-200,4,1017
2025-09-25,B-200,17,946
2025-09-26,A-100,5,905
2025-09-26,A-100,16,1019
2025-09-26,A-100,14,1006
2025-09-26,A-100,8,950
2025-09-26,B-200,16,965
2025-09-26,B-200,1,931
2025-09-26,B-200,12,947
2025-09-26,B-200,16,954
2025-09-27,A-100,13,1059
2025-09-27,A-100,15,1001
2025-09-27,A-100,9,965
2025-09-27,B-200,14,1078
2025-09-27,B-200,15,917
2025-09-27,B-200,6,992
2025-09-27,B-200,6,1081
2025-09-27,B-200,10,944
2025-09-28,A-100,18,1089
2025-09-28,B-200,6,1066
2025-09-28,B-200,6,1075
2025-09-28,B-200,17,934
2025-09-28,B-200,6,1039
2025-09-29,A-100,5,1055
2025-09-29,A-100,1,976
2025-09-29,A-100,4,900
2025-09-29,A-100,15,930
2025-09-29,B-200,2,1078
2025-09-29,B-200,19,963
2025-09-29,B-200,10,1024
2025-09-29,B-200,12,905
2025-09-30,A-100,11,933
2025-09-30,A-100,15,1002
2025-09-30,A-100,6,961
2025-09-30,B-200,15,912
2025-10-01,A-100,3,1052
2025-10-01,B-200,2,953
2025-10-01,B-200,12,1008
2025-10-01,B-200,10,952
2025-10-01,B-200,11,910
2025-10-01,B-200,17,1008
2025-10-02,A-100,9,938
2025-10-02,A-100,12,936
2025-10-02,B-200,17,1012
2025-10-02,B-200,18,1031
2025-10-03,A-100,7,903
2025-10-03,A-100,2,937
2025-10-03,A-100,1,987
2025-10-03,B-200,16,1018
2025-10-04,A-100,17,978
2025-10-04,B-200,4,901
2025-10-04,B-200,10,1014
2025-10-04,B-200,3,902
2025-10-04,B-200,5,921
2025-10-05,A-100,9,976
2025-10-05,B-200,13,1070
2025-10-06,A-100,11,1089
2025-10-06,A-100,14,1052
2025-10-06,A-100,15,906
2025-10-06,A-100,14,1049
2025-10-06,B-200,11,1066
2025-10-06,B-200,3,1005
2025-10-06,B-200,15,951
2025-10-08,A-100,2,1029
2025-10-08,A-100,2,1059
2025-10-08,A-100,9,985
2025-10-08,A-100,18,1049
2025-10-08,A-100,3,953
2025-10-08,B-200,12,1066
2025-10-08,B-200,13,980
2025-10-09,A-100,11,1042
2025-10-09,B-200,5,932
2025-10-09,B-200,6,970
2025-10-09,B-200,18,1024
2025-10-09,B-200,16,905
2025-10-10,A-100,8,1072
2025-10-10,A-100,13,992
2025-10-10,A-100,10,1041
2025-10-10,B-200,11,1045
2025-10-10,B-200,15,906
2025-10-10,B-200,7,1080
2025-10-10,B-200,7,1064
2025-10-11,A-100,10,924
2025-10-11,A-100,6,1036
2025-10-11,B-200,19,976
2025-10-11,B-200,16,979
2025-10-11,B-200,16,1082
2025-10-11,B-200,9,1020
2025-10-11,B-200,17,927
2025-10-12,A-100,16,953
2025-10-12,B-200,16,1005
2025-10-12,B-200,16,1025
2025-10-13,A-100,19,904
2025-10-13,A-100,10,1056
2025-10-13,A-100,13,996
2025-10-13,A-100,16,993
2025-10-13,A-100,3,954
2025-10-13,B-200,14,1094
2025-10-14,A-100,8,1076
2025-10-14,A-100,1,1035
2025-10-14,A-100,4,1056
2025-10-14,A-100,1,1066
2025-10-14,A-100,8,947
2025-10-14,B-200,19,932
2025-10-14,B-200,6,1027
2025-10-14,B-200,2,1090
2025-10-15,A-100,16,966
2025-10-15,A-100,9,969
2025-10-15,A-100,11,944
2025-10-15,B-200,16,931
2025-10-15,B-200,16,1070
2025-10-15,B-200,1,1035
2025-10-16,A-100,5,957
2025-10-16,A-100,3,981
2025-10-16,B-200,15,935
2025-10-16,B-200,11,914
2025-10-16,B-200,2,1025
2025-10-16,B-200,6,1040
2025-10-16,B-200,3,923
2025-10-17,A-100,15,1041
2025-10-17,B-200,12,995
2025-10-17,B-200,13,1058
2025-10-17,B-200,12,963
2025-10-17,B-200,17,1040
2025-10-17,B-200,17,1011
2025-10-18,A-100,15,1077
2025-10-18,A-100,6,938
2025-10-18,A-100,3,1019
2025-10-18,A-100,16,1095
2025-10-18,B-200,1,1035
2025-10-19,A-100,2,1005
2025-10-19,B-200,17,996
2025-10-19,B-200,13,1072
2025-10-19,B-200,9,941
2025-10-19,B-200,16,900
2025-10-20,A-100,6,968
2025-10-20,A-100,13,959
2025-10-20,A-100,7,999
2025-10-20,A-100,3,1087
2025-10-20,B-200,14,921
2025-10-20,B-200,9,971
2025-10-20,B-200,4,1075
2025-10-20,B-200,8,1030
2025-10-20,B-200,14,963
2025-10-21,A-100,10,1006
2025-10-21,A-100,1,940
2025-10-21,A-100,1,1061
2025-10-21,A-100,18,932
2025-10-21,A-100,6,970
2025-10-21,B-200,8,908
2025-10-21,B-200,12,929
2025-10-21,B-200,13,1071
2025-10-21,B-200,2,1098
2025-10-21,B-200,13,910
2025-10-22,A-100,14,974
2025-10-22,A-100,11,969
2025-10-22,A-100,8,1027
2025-10-22,A-100,4,1051
2025-10-22,A-100,18,1094
2025-10-22,B-200,8,953
2025-10-23,A-100,3,1011
2025-10-23,A-100,11,1010
2025-10-23,B-200,15,1021
2025-10-23,B-200,4,973
2025-10-24,A-100,17,988
2025-10-24,A-100,10,1036
2025-10-24,B-200,16,903
2025-10-24,B-200,9,1019
2025-10-25,A-100,13,1026
2025-10-25,B-200,4,930
2025-10-25,B-200,12,1094
2025-10-25,B-200,15,942
2025-10-25,B-200,8,953
2025-10-26,A-100,1,1026
2025-10-26,A-100,9,907
2025-10-26,A-100,4,1045
2025-10-26,B-200,10,1051
2025-10-26,B-200,15,1023
2025-10-26,B-200,4,984
2025-10-26,B-200,16,962
2025-10-27,A-100,10,937
2025-10-27,A-100,10,908
2025-10-27,A-100,3,1008
2025-10-27,B-200,7,972
2025-10-27,B-200,9,1039
2025-10-28,A-100,19,1099
2025-10-28,A-100,9,1053
2025-10-28,A-100,9,1075
2025-10-28,B-200,7,964
2025-10-28,B-200,17,1008
2025-10-28,B-200,14,1035
2025-10-28,B-200,4,947
2025-10-29,A-100,7,1069
2025-10-29,A-100,11,919
2025-10-29,A-100,6,1090
2025-10-29,A-100,4,945
2025-10-29,A-100,3,1021
2025-10-29,B-200,18,1077
2025-10-29,B-200,17,1080
2025-10-29,B-200,11,1064
2025-10-29,B-200,13,927
2025-10-29,B-200,1,919
2025-10-30,A-100,10,973
2025-10-30,A-100,14,1072
2025-10-30,A-100,5,952
2025-10-30,A-100,18,1094
2025-10-30,B-200,10,1015
2025-10-30,B-200,13,1072
2025-10-31,A-100,15,1019
2025-10-31,A-100,15,1081
2025-10-31,B-200,17,1062
2025-10-31,B-200,12,978
2025-10-31,B-200,7,972
2025-10-31,B-200,12,1060
2025-11-01,A-100,12,1063
2025-11-01,A-100,8,979
2025-11-01,A-100,4,999
2025-11-01,B-200,4,1093
2025-11-01,B-200,17,958
2025-11-01,B-200,18,954
2025-11-02,A-100,10,953
2025-11-02,A-100,6,1087
2025-11-02,A-100,14,930
2025-11-02,A-100,3,914
2025-11-02,B-200,15,912
2025-11-02,B-200,5,908
2025-11-03,A-100,18,1037
2025-11-03,A-100,15,962
2025-11-03,A-100,17,1026
2025-11-03,B-200,2,1079
2025-11-04,A-100,15,905
2025-11-04,A-100,12,1082
2025-11-04,A-100,7,1008
2025-11-04,A-100,6,1044
2025-11-04,B-200,10,982
2025-11-05,A-100,19,956
2025-11-05,A-100,1,998
2025-11-05,A-100,12,1050
2025-11-05,A-100,10,1017
2025-11-05,A-100,1,1052
2025-11-05,B-200,8,984
2025-11-05,B-200,2,998
2025-11-06,A-100,1,1077
2025-11-06,A-100,6,1074
2025-11-06,B-200,9,1061
2025-11-06,B-200,5,936
2025-11-06,B-200,18,1029
2025-11-06,B-200,14,1084
2025-11-06,B-200,1,934
2025-11-07,A-100,1,965
2025-11-07,A-100,4,951
2025-11-07,A-100,16,955
2025-11-07,B-200,18,1008
2025-11-07,B-200,11,966
2025-11-07,B-200,13,1061
2025-11-07,B-200,17,939
2025-11-07,B-200,14,927
2025-11-08,A-100,17,1063
2025-11-08,A-100,14,1015
2025-11-08,A-100,12,919
2025-11-08,B-200,13,928
2025-11-08,B-200,13,976
2025-11-08,B-200,10,1062
2025-11-08,B-200,7,1083
2025-11-09,A-100,3,956
2025-11-09,B-200,5,979
2025-11-09,B-200,17,963
2025-11-09,B-200,16,923
2025-11-09,B-200,3,902
2025-11-09,B-200,3,1020
2025-11-10,A-100,5,907
2025-11-10,A-100,4,928
2025-11-10,A-100,11,1086
2025-11-10,B-200,13,960
2025-11-10,B-200,2,943
2025-11-10,B-200,10,1071
2025-11-11,A-100,7,1024
2025-11-11,A-100,14,1037
2025-11-11,A-100,17,1032
2025-11-11,A-100,1,975
2025-11-11,B-200,4,999
2025-11-11,B-200,10,1011
2025-11-11,B-200,17,1007
2025-11-11,B-200,1,948
2025-11-11,B-200,12,1056
2025-11-12,A-100,2,1089
2025-11-12,A-100,11,1047
2025-11-12,B-200,4,1074
2025-11-12,B-200,7,1025
2025-11-12,B-200,8,939
2025-11-12,B-200,17,969
2025-11-12,B-200,1,930
2025-11-13,A-100,15,1029
2025-11-13,A-100,18,919
2025-11-13,A-100,2,1038
2025-11-13,A-100,19,1016
2025-11-13,B-200,8,1034
2025-11-13,B-200,10,1076
2025-11-13,B-200,13,987
2025-11-13,B-200,5,962
2025-11-13,B-200,2,930
2025-11-16,A-100,7,938
2025-11-16,B-200,4,922
2025-11-17,A-100,18,997
2025-11-17,B-200,17,1055
2025-11-17,B-200,8,1094
2025-11-17,B-200,11,1041
2025-11-18,A-100,12,1030
2025-11-18,A-100,19,1040
2025-11-18,A-100,6,904
2025-11-18,B-200,10,983
2025-11-18,B-200,18,931
2025-11-18,B-200,1,1047
2025-11-18,B-200,18,1065
2025-11-19,A-100,18,968
2025-11-19,A-100,15,918
2025-11-19,A-100,11,958
2025-11-19,A-100,18,987
2025-11-19,B-200,11,915
2025-11-19,B-200,3,986
2025-11-20,A-100,13,911
2025-11-20,B-200,1,905
2025-11-20,B-200,10,1060
2025-11-20,B-200,15,1020
2025-11-20,B-200,4,1090
2025-11-20,B-200,1,969
2025-11-21,A-100,15,1087
2025-11-21,A-100,10,1064
2025-11-21,A-100,3,934
2025-11-21,A-100,1,940
2025-11-21,B-200,16,998
2025-11-22,A-100,11,900
2025-11-22,A-100,14,1074
2025-11-22,B-200,2,927
2025-11-23,A-100,15,1015
2025-11-23,A-100,14,955
2025-11-23,A-100,15,936
2025-11-23,A-100,19,908
2025-11-23,A-100,18,992
2025-11-23,B-200,4,963
2025-11-23,B-200,17,902
2025-11-23,B-200,4,1026
2025-11-23,B-200,16,986
2025-11-24,A-100,5,1015
2025-11-24,A-100,18,975
2025-11-24,A-100,2,1062
2025-11-24,A-100,15,1030
2025-11-24,A-100,18,1055
2025-11-24,B-200,7,912
2025-11-24,B-200,14,1069
2025-11-24,B-200,14,1030
2025-11-24,B-200,14,955
2025-11-25,A-100,3,914
2025-11-25,A-100,14,984
2025-11-25,A-100,18,994
2025-11-25,A-100,10,912
2025-11-25,A-100,19,966
2025-11-25,B-200,12,1071
2025-11-25,B-200,16,1054
2025-11-25,B-200,3,917
2025-11-26,A-100,18,963
2025-11-26,A-100,7,934
2025-11-26,A-100,16,1033
2025-11-26,A-100,5,1099
2025-11-26,B-200,15,941
2025-11-27,A-100,2,1024
2025-11-27,A-100,4,989
2025-11-27,B-200,17,998
2025-11-27,B-200,14,1064
2025-11-27,B-200,12,941
2025-11-27,B-200,16,917
2025-11-27,B-200,10,1056
2025-11-28,A-100,9,1048
2025-11-28,A-100,19,1055
2025-11-28,A-100,7,922
2025-11-28,B-200,17,1026
2025-11-28,B-200,7,917
2025-11-28,B-200,5,1043
2025-11-29,A-100,4,1094
2025-11-29,A-100,9,1053
2025-11-29,B-200,11,1028
2025-11-29,B-200,7,1087
2025-11-29,B-200,9,1053
2025-11-30,A-100,19,1057
2025-11-30,A-100,16,1089
2025-11-30,B-200,18,923
2025-12-01,A-100,2,925
2025-12-01,B-200,8,968
2025-12-01,B-200,4,1094
2025-12-01,B-200,7,994
2025-12-02,A-100,19,935
2025-12-02,A-100,10,1008
2025-12-02,B-200,7,916
2025-12-03,A-100,10,942
2025-12-03,A-100,12,1080
2025-12-03,A-100,17,934
2025-12-03,B-200,5,1072
2025-12-03,B-200,9,1048
2025-12-03,B-200,11,1034
2025-12-03,B-200,18,926
2025-12-04,A-100,9,911
2025-12-04,B-200,9,978
2025-12-04,B-200,9,1024
2025-12-04,B-200,16,978
2025-12-05,A-100,8,924
2025-12-05,A-100,18,983
2025-12-05,A-100,8,959
2025-12-05,A-100,14,929
2025-12-05,A-100,12,969
2025-12-05,B-200,5,1061
2025-12-05,B-200,9,1085
2025-12-06,A-100,19,1016
2025-12-06,A-100,9,969
2025-12-06,A-100,18,950
2025-12-06,B-200,5,1052
2025-12-06,B-200,6,1067
2025-12-06,B-200,16,1046
2025-12-06,B-200,19,1002
2025-12-06,B-200,16,1010
2025-12-07,A-100,13,930
2025-12-07,B-200,17,1047
2025-12-07,B-200,7,1001
2025-12-08,A-100,3,985
2025-12-08,A-100,5,1035
2025-12-08,A-100,13,1061
2025-12-08,A-100,8,946
2025-12-08,B-200,17,965
2025-12-09,A-100,5,1056
2025-12-09,A-100,6,959
2025-12-09,B-200,10,1049
2025-12-09,B-200,2,1091
2025-12-09,B-200,5,923
2025-12-09,B-200,3,962
2025-12-10,A-100,12,1055
2025-12-10,A-100,1,919
2025-12-10,A-100,4,987
2025-12-10,A-100,12,940
2025-12-10,B-200,10,1008
2025-12-10,B-200,11,1028
2025-12-11,A-100,8,965
2025-12-11,A-100,6,970
2025-12-11,A-100,11,1020
2025-12-11,A-100,2,1099
2025-12-11,A-100,1,980
2025-12-11,B-200,7,943
2025-12-11,B-200,11,901
2025-12-11,B-200,15,1035
2025-12-12,A-100,3,1067
2025-12-12,A-100,11,924
2025-12-12,A-100,19,1062
2025-12-12,A-100,6,1078
2025-12-12,A-100,14,989
2025-12-12,B-200,14,1086
2025-12-14,A-100,19,1092
2025-12-14,A-100,13,943
2025-12-14,B-200,2,1058
2025-12-14,B-200,5,1079
2025-12-15,A-100,3,992
2025-12-15,A-100,5,936
2025-12-15,A-100,18,1021
2025-12-15,A-100,4,921
2025-12-15,A-100,6,1066
2025-12-15,B-200,15,921
2025-12-16,A-100,8,953
2025-12-16,B-200,1,929
2025-12-19,A-100,15,984
2025-12-19,A-100,1,928
2025-12-19,B-200,6,1012
2025-12-19,B-200,7,1048
2025-12-20,A-100,19,1097
2025-12-20,B-200,5,900
2025-12-20,B-200,19,907
2025-12-21,A-100,19,933
2025-12-21,A-100,11,1030
2025-12-21,B-200,14,1097
2025-12-21,B-200,13,1068
2025-12-21,B-200,7,981
2025-12-21,B-200,15,1075
2025-12-22,A-100,3,970
2025-12-22,A-100,11,916
2025-12-22,A-100,18,973
2025-12-22,A-100,15,985
2025-12-22,A-100,8,1093
2025-12-22,B-200,10,992
2025-12-22,B-200,15,1036
2025-12-22,B-200,19,966
2025-12-22,B-200,3,938
2025-12-22,B-200,11,962
2025-12-23,A-100,19,1026
2025-12-23,B-200,4,933
2025-12-23,B-200,9,914
2025-12-24,A-100,11,964
2025-12-24,A-100,11,968
2025-12-24,A-100,1,1013
2025-12-24,B-200,14,1082
2025-12-25,A-100,5,1054
2025-12-25,A-100,4,900
2025-12-25,A-100,5,1000
2025-12-25,A-100,2,955
2025-12-25,A-100,1,948
2025-12-25,B-200,3,952
2025-12-25,B-200,3,976
2025-12-25,B-200,15,1007
2025-12-25,B-200,4,964
2025-12-26,A-100,17,1063
2025-12-26,A-100,5,1040
2025-12-26,A-100,16,1079
2025-12-26,B-200,14,937
2025-12-26,B-200,9,914
2025-12-27,A-100,8,948
2025-12-27,A-100,15,1082
2025-12-27,A-100,3,955
2025-12-27,B-200,7,902
2025-12-27,B-200,1,946
2025-12-27,B-200,19,1021
2025-12-27,B-200,5,911
2025-12-28,A-100,11,945
2025-12-28,A-100,14,962
2025-12-28,B-200,10,929
2025-12-28,B-200,12,915
2025-12-28,B-200,14,975
2025-12-28,B-200,13,948
2025-12-29,A-100,7,910
2025-12-29,A-100,8,924
2025-12-29,B-200,2,901
2025-12-29,B-200,9,959
2025-12-29,B-200,17,952
2025-12-30,A-100,15,934
2025-12-30,A-100,5,937
2025-12-30,A-100,3,948
2025-12-30,A-100,17,991
2025-12-30,A-100,8,938
2025-12-30,B-200,11,1050
2025-12-31,A-100,18,1064
2025-12-31,A-100,17,1033
2025-12-31,B-200,2,932
2025-12-31,B-200,3,996
2025-12-31,B-200,12,923
2025-12-31,B-200,15,1009
