semana;producto;ventas;precio
2024-01-01;Café 250g;588,2;4,77
2024-01-08;Café 250g;520,7;4,51
2024-01-15;Café 250g;537,4;4,55
2024-01-22;Café 250g;615,2;4,69
2024-01-29;Café 250g;686,2;4,64
2024-02-05;Café 250g;585,6;4,23
2024-02-12;Café 250g;675,5;4,8
2024-02-19;Café 250g;659,9;4,19
2024-02-26;Café 250g;785,9;4,6
2024-03-04;Café 250g;692,7;4,27
2024-03-11;Café 250g;692,3;4,64
2024-03-18;Café 250g;724,5;4,36
2024-03-25;Café 250g;697,7;4,38
2024-04-01;Café 250g;791,9;4,68
2024-04-08;Café 250g;672,5;4,27
2024-04-15;Café 250g;712,3;4,4
2024-04-22;Café 250g;668,9;4,27
2024-04-29;Café 250g;628,8;4,53
2024-05-06;Café 250g;658,9;5,0
2024-05-13;Café 250g;693,3;4,27
2024-05-20;Café 250g;564,5;4,58
2024-05-27;Café 250g;610,6;4,77
2024-06-03;Café 250g;630,5;4,1
2024-06-10;Café 250g;542,4;4,36
2024-06-17;Café 250g;602,6;4,29
2024-06-24;Café 250g;567,8;4,23
2024-07-01;Café 250g;540,3;4,57
2024-07-08;Café 250g;599,4;4,55
2024-07-15;Café 250g;457,1;4,8
2024-07-22;Café 250g;472,7;4,65
2024-07-29;Café 250g;431,6;4,52
2024-08-05;Café 250g;404,7;4,56
2024-08-12;Café 250g;476,0;4,4
2024-08-19;Café 250g;389,0;4,57
2024-08-26;Café 250g;362,1;4,2
2024-09-02;Café 250g;415,6;4,48
2024-09-09;Café 250g;381,6;4,6
2024-09-16;Café 250g;418,4;4,47
2024-09-23;Café 250g;318,6;4,37
2024-09-30;Café 250g;409,6;4,53
2024-10-07;Café 250g;349,5;4,34
2024-10-14;Café 250g;416,1;4,46
2024-10-21;Café 250g;429,2;4,68
2024-10-28;Café 250g;379,7;4,69
2024-11-04;Café 250g;414,2;4,55
2024-11-11;Café 250g;300,5;4,31
2024-11-18;Café 250g;383,1;4,44
2024-11-25;Café 250g;454,1;4,53
2024-12-02;Café 250g;480,1;4,36
2024-12-09;Café 250g;519,9;4,86
2024-12-16;Café 250g;482,2;4,37
2024-12-23;Café 250g;483,5;4,52
2024-12-30;Café 250g;511,6;4,15
2025-01-06;Café 250g;480,9;4,7
2025-01-13;Café 250g;648,0;4,82
2025-01-20;Café 250g;609,7;4,3
2025-01-27;Café 250g;591,6;4,2
2025-02-03;Café 250g;549,4;4,55
2025-02-10;Café 250g;676,5;4,89
2025-02-17;Café 250g;656,8;4,23
2025-02-24;Café 250g;666,7;4,44
2025-03-03;Café 250g;656,9;4,57
2025-03-10;Café 250g;625,9;4,53
2025-03-17;Café 250g;732,5;4,78
2025-03-24;Café 250g;717,6;4,71
2025-03-31;Café 250g;678,0;4,44
2025-04-07;Café 250g;773,6;4,23
2025-04-14;Café 250g;675,5;4,73
2025-04-21;Café 250g;680,1;4,44
2025-04-28;Café 250g;669,1;4,52
2025-05-05;Café 250g;732,0;4,68
2025-05-12;Café 250g;661,9;4,72
2025-05-19;Café 250g;665,9;4,67
2025-05-26;Café 250g;576,5;4,85
2025-06-02;Café 250g;627,2;3,95
2025-06-09;Café 250g;687,1;4,5
2025-06-16;Café 250g;557,4;4,38
2025-06-23;Café 250g;583,3;4,32
2025-06-30;Café 250g;508,8;4,39
2025-07-07;Café 250g;504,7;4,4
2025-07-14;Café 250g;547,3;4,55
2025-07-21;Café 250g;503,8;4,62
2025-07-28;Café 250g;459,7;4,3
2025-08-04;Café 250g;545,5;4,69
2025-08-11;Café 250g;519,7;4,71
2025-08-18;Café 250g;393,9;4,03
2025-08-25;Café 250g;340,3;4,63
2025-09-01;Café 250g;391,1;4,42
2025-09-08;Café 250g;253,8;4,5
2025-09-15;Café 250g;324,3;4,36
2025-09-22;Café 250g;425,1;4,29
2025-09-29;Café 250g;327,6;4,54
2025-10-06;Café 250g;426,3;4,42
2025-10-13;Café 250g;461,9;4,24
2025-10-20;Café 250g;310,0;4,19
2025-10-27;Café 250g;307,3;4,57
2025-11-03;Café 250g;353,9;4,22
2025-11-10;Café 250g;439,3;4,66
2025-11-17;Café 250g;489,3;4,68
2025-11-24;Café 250g;398,4;4,56
2025-12-01;Café 250g;491,5;4,41
2025-12-08;Café 250g;491,5;4,25
2025-12-15;Café 250g;467,3;4,57
2025-12-22;Café 250g;601,9;4,73
2024-01-01;Té verde;223,9;4,52
2024-01-08;Té verde;216,0;4,21
2024-01-15;Té verde;207,5;4,34
2024-01-22;Té verde;244,4;4,69
2024-01-29;Té verde;254,7;4,74
2024-02-05;Té verde;247,3;4,3
2024-02-12;Té verde;250,7;4,36
2024-02-19;Té verde;271,0;4,43
2024-02-26;Té verde;259,8;4,64
2024-03-04;Té verde;250,2;4,69
2024-03-11;Té verde;240,6;4,56
2024-03-18;Té verde;269,3;4,67
2024-03-25;Té verde;243,7;4,19
2024-04-01;Té verde;288,8;4,42
2024-04-08;Té verde;270,6;4,37
2024-04-15;Té verde;290,3;4,56
2024-04-22;Té verde;274,0;4,27
2024-04-29;Té verde;276,3;4,3
2024-05-06;Té verde;248,0;4,23
2024-05-13;Té verde;253,9;4,71
2024-05-20;Té verde;256,5;4,41
2024-05-27;Té verde;248,1;4,52
2024-06-03;Té verde;240,7;4,54
2024-06-10;Té verde;210,5;4,52
2024-06-17;Té verde;188,2;4,62
2024-06-24;Té verde;194,4;4,74
2024-07-01;Té verde;158,7;4,83
2024-07-08;Té verde;168,0;4,26
2024-07-15;Té verde;201,2;4,62
2024-07-22;Té verde;181,7;4,68
2024-07-29;Té verde;164,0;4,42
2024-08-05;Té verde;167,9;4,39
2024-08-12;Té verde;127,6;4,5
2024-08-19;Té verde;160,4;4,72
2024-08-26;Té verde;131,1;4,37
2024-09-02;Té verde;179,5;4,56
2024-09-09;Té verde;162,6;4,59
2024-09-16;Té verde;158,4;4,86
2024-09-23;Té verde;149,4;4,3
2024-09-30;Té verde;160,4;4,39
2024-10-07;Té verde;145,2;4,57
2024-10-14;Té verde;131,6;4,4
2024-10-21;Té verde;161,1;4,39
2024-10-28;Té verde;174,7;4,3
2024-11-04;Té verde;137,4;4,88
2024-11-11;Té verde;130,7;4,49
2024-11-18;Té verde;207,1;4,49
2024-11-25;Té verde;202,5;4,63
2024-12-02;Té verde;180,6;4,47
2024-12-09;Té verde;143,2;4,44
2024-12-16;Té verde;199,8;4,55
2024-12-23;Té verde;254,2;4,56
2024-12-30;Té verde;223,2;4,73
2025-01-06;Té verde;228,9;4,48
2025-01-13;Té verde;223,4;4,43
2025-01-20;Té verde;241,7;4,47
2025-01-27;Té verde;252,4;4,3
2025-02-03;Té verde;248,9;4,81
2025-02-10;Té verde;247,1;4,87
2025-02-17;Té verde;260,6;4,49
2025-02-24;Té verde;264,3;4,44
2025-03-03;Té verde;224,2;4,68
2025-03-10;Té verde;315,0;4,6
2025-03-17;Té verde;282,5;4,46
2025-03-24;Té verde;296,9;4,49
2025-03-31;Té verde;278,6;4,19
2025-04-07;Té verde;261,4;4,57
2025-04-14;Té verde;290,2;4,69
2025-04-21;Té verde;235,7;4,2
2025-04-28;Té verde;278,1;4,35
2025-05-05;Té verde;280,6;4,17
2025-05-12;Té verde;255,1;4,49
2025-05-19;Té verde;261,9;4,29
2025-05-26;Té verde;204,5;4,53
2025-06-02;Té verde;250,3;4,7
2025-06-09;Té verde;224,8;4,66
2025-06-16;Té verde;235,3;4,76
2025-06-23;Té verde;216,4;4,15
2025-06-30;Té verde;208,6;4,52
2025-07-07;Té verde;213,3;4,19
2025-07-14;Té verde;188,4;4,67
2025-07-21;Té verde;185,5;4,44
2025-07-28;Té verde;220,8;4,29
2025-08-04;Té verde;200,1;4,7
2025-08-11;Té verde;163,5;4,49
2025-08-18;Té verde;162,1;4,54
2025-08-25;Té verde;145,7;4,41
2025-09-01;Té verde;146,8;4,44
2025-09-08;Té verde;144,6;4,05
2025-09-15;Té verde;150,9;4,39
2025-09-22;Té verde;108,3;4,43
2025-09-29;Té verde;139,0;4,76
2025-10-06;Té verde;136,1;4,63
2025-10-13;Té verde;177,9;4,37
2025-10-20;Té verde;150,1;4,85
2025-10-27;Té verde;159,0;4,57
2025-11-03;Té verde;149,6;4,64
2025-11-10;Té verde;162,0;4,13
2025-11-17;Té verde;160,8;4,26
2025-11-24;Té verde;176,6;4,32
2025-12-01;Té verde;190,8;4,51
2025-12-08;Té verde;161,5;4,4
2025-12-15;Té verde;208,0;4,73
2025-12-22;Té verde;183,5;4,28
2024-01-01;Chocolate;394,4;4,5
2024-01-08;Chocolate;345,0;4,35
2024-01-15;Chocolate;360,8;4,84
2024-01-22;Chocolate;373,5;4,71
2024-01-29;Chocolate;377,0;4,29
2024-02-05;Chocolate;363,7;4,28
2024-02-12;Chocolate;402,8;4,74
2024-02-19;Chocolate;409,4;4,44
2024-02-26;Chocolate;385,4;4,57
2024-03-04;Chocolate;376,8;4,27
2024-03-11;Chocolate;452,3;4,44
2024-03-18;Chocolate;416,3;4,47
2024-03-25;Chocolate;452,2;4,53
2024-04-01;Chocolate;404,5;4,36
2024-04-08;Chocolate;421,8;4,56
2024-04-15;Chocolate;425,0;4,48
2024-04-22;Chocolate;424,1;4,49
2024-04-29;Chocolate;391,9;4,72
2024-05-06;Chocolate;395,6;4,53
2024-05-13;Chocolate;336,1;4,46
2024-05-20;Chocolate;359,4;4,3
2024-05-27;Chocolate;466,2;4,55
2024-06-03;Chocolate;416,5;4,67
2024-06-10;Chocolate;397,6;4,46
2024-06-17;Chocolate;406,7;4,67
2024-06-24;Chocolate;343,3;4,55
2024-07-01;Chocolate;325,5;4,51
2024-07-08;Chocolate;316,6;4,58
2024-07-15;Chocolate;363,7;4,26
2024-07-22;Chocolate;332,6;4,43
2024-07-29;Chocolate;325,9;4,43
2024-08-05;Chocolate;287,4;4,47
2024-08-12;Chocolate;207,2;4,85
2024-08-19;Chocolate;224,8;4,52
2024-08-26;Chocolate;213,8;4,23
2024-09-02;Chocolate;235,6;4,38
2024-09-09;Chocolate;198,9;4,49
2024-09-16;Chocolate;185,0;4,53
2024-09-23;Chocolate;227,5;4,0
2024-09-30;Chocolate;213,7;4,59
2024-10-07;Chocolate;196,6;4,6
2024-10-14;Chocolate;248,2;4,3
2024-10-21;Chocolate;237,0;4,66
2024-10-28;Chocolate;213,4;4,46
2024-11-04;Chocolate;286,5;4,33
2024-11-11;Chocolate;271,0;4,28
2024-11-18;Chocolate;259,0;4,59
2024-11-25;Chocolate;194,4;4,39
2024-12-02;Chocolate;298,2;4,55
2024-12-09;Chocolate;277,7;4,28
2024-12-16;Chocolate;327,0;4,44
2024-12-23;Chocolate;336,1;4,58
2024-12-30;Chocolate;315,2;4,71
2025-01-06;Chocolate;322,3;4,74
2025-01-13;Chocolate;397,3;4,71
2025-01-20;Chocolate;359,1;5,01
2025-01-27;Chocolate;381,0;4,55
2025-02-03;Chocolate;385,5;4,27
2025-02-10;Chocolate;438,4;4,39
2025-02-17;Chocolate;434,4;4,73
2025-02-24;Chocolate;431,4;4,36
2025-03-03;Chocolate;406,4;3,96
2025-03-10;Chocolate;418,7;4,66
2025-03-17;Chocolate;418,3;4,38
2025-03-24;Chocolate;418,5;4,74
2025-03-31;Chocolate;427,2;4,87
2025-04-07;Chocolate;409,4;4,54
2025-04-14;Chocolate;411,8;4,91
2025-04-21;Chocolate;428,5;4,93
2025-04-28;Chocolate;403,8;4,81
2025-05-05;Chocolate;415,4;4,67
2025-05-12;Chocolate;363,9;4,57
2025-05-19;Chocolate;360,4;4,55
2025-05-26;Chocolate;336,1;4,48
2025-06-02;Chocolate;412,2;4,61
2025-06-09;Chocolate;324,4;4,12
2025-06-16;Chocolate;370,1;4,82
2025-06-23;Chocolate;310,1;4,92
2025-06-30;Chocolate;329,8;4,11
2025-07-07;Chocolate;266,6;4,65
2025-07-14;Chocolate;310,6;4,8
2025-07-21;Chocolate;255,4;4,52
2025-07-28;Chocolate;284,2;4,47
2025-08-04;Chocolate;261,1;4,43
2025-08-11;Chocolate;270,1;4,56
2025-08-18;Chocolate;264,2;4,74
2025-08-25;Chocolate;208,9;4,14
2025-09-01;Chocolate;275,9;4,31
2025-09-08;Chocolate;224,9;4,38
2025-09-15;Chocolate;213,0;4,21
2025-09-22;Chocolate;212,9;4,63
2025-09-29;Chocolate;230,9;4,6
2025-10-06;Chocolate;215,4;4,68
2025-10-13;Chocolate;217,1;4,08
2025-10-20;Chocolate;247,9;4,65
2025-10-27;Chocolate;223,9;4,74
2025-11-03;Chocolate;220,5;4,63
2025-11-10;Chocolate;313,5;4,51
2025-11-17;Chocolate;256,9;4,48
2025-11-24;Chocolate;327,5;4,58
2025-12-01;Chocolate;354,8;4,56
2025-12-08;Chocolate;273,3;4,38
2025-12-15;Chocolate;308,3;4,09
2025-12-22;Chocolate;302,4;4,41
